Date,Max Temp (C),Min Temp (C),Avg Temp (C),Total Precip (mm),Wind Speed (km/h)
2018-01-01,27,25,26,0,13
2018-01-02,28,26,26,0,13
2018-01-03,26,25,26,0,24
2018-01-04,29,25,27,0,18
2018-01-05,30,25,27,0,9
2018-01-06,30,25,27,0,11
2018-01-07,30,24,27,0,9
2018-01-08,31,25,28,0,10
2018-01-09,31,26,28,0,6
2018-01-10,30,25,27,0,9
2018-01-11,29,25,26,0,9
2018-01-12,27,24,25,0,14
2018-01-13,27,23,25,0,17
2018-01-14,27,23,25,0,15
2018-01-15,29,24,26,0,9
2018-01-16,28,24,26,0,9
2018-01-17,27,25,26,0,6
2018-01-18,30,24,27,0,7
2018-01-19,29,25,26,0,11
2018-01-20,29,24,26,0,6
2018-01-21,30,24,27,0,5
2018-01-22,30,24,27,0,8
2018-01-23,31,24,27,0,7
2018-01-24,29,25,27,0,7
2018-01-25,30,25,27,0,9
2018-01-26,31,25,27,0,3
2018-01-27,27,26,26,0,9
2018-01-28,27,25,26,0,18
2018-01-29,30,24,27,0,8
2018-01-30,30,24,27,0,10
2018-01-31,29,24,26,0,6
2018-02-01,30,24,27,0,5
2018-02-02,31,24,27,0,5
2018-02-03,29,24,26,0,11
2018-02-04,30,24,26,0,3
2018-02-05,29,24,26,0,5
2018-02-06,28,23,25,0,10
2018-02-07,29,22,25,0,6
2018-02-08,28,23,25,0,6
2018-02-09,30,24,27,0,3
2018-02-10,30,24,27,0,3
2018-02-11,30,24,27,0,8
2018-02-12,30,26,27,0,6
2018-02-13,28,25,26,0,15
2018-02-14,27,25,26,0,12
2018-02-15,31,25,28,0,7
2018-02-16,32,25,28,0,8
2018-02-17,32,25,28,0,4
2018-02-18,31,25,28,0,9
2018-02-19,32,25,28,0,9
2018-02-20,31,24,27,0,9
2018-02-21,32,25,28,0,8
2018-02-22,32,25,28,0,10
2018-02-23,31,24,27,0,12
2018-02-24,31,24,27,0,12
2018-02-25,30,25,27,0,9
2018-02-26,31,25,28,0,8
2018-02-27,30,26,28,0,10
2018-02-28,32,25,28,0,7
2018-03-01,32,26,29,0,10
2018-03-02,32,26,29,0,9
2018-03-03,33,25,29,0,8
2018-03-04,32,27,29,0,11
2018-03-05,33,26,29,0,9
2018-03-06,32,26,29,0,9
2018-03-07,31,26,28,0,10
2018-03-08,32,26,28,0,8
2018-03-09,30,26,27,0,9
2018-03-10,29,25,27,0,10
2018-03-11,29,24,26,0,18
2018-03-12,29,24,26,0,18
2018-03-13,30,24,27,0,10
2018-03-14,31,24,27,0,12
2018-03-15,32,24,28,0,7
2018-03-16,33,26,29,0,6
2018-03-17,31,26,28,0,9
2018-03-18,32,26,28,0,11
2018-03-19,33,25,29,0,10
2018-03-20,34,26,30,0,7
2018-03-21,33,26,29,0,14
2018-03-22,30,26,27,0,5
2018-03-23,29,25,27,0,13
2018-03-24,29,25,26,0,16
2018-03-25,30,24,27,0,14
2018-03-26,32,24,27,0,8
2018-03-27,31,24,27,0,6
2018-03-28,33,25,28,0,4
2018-03-29,31,25,28,0,7
2018-03-30,31,25,28,0,4
2018-03-31,29,25,27,0,9
2018-04-01,31,25,28,0,9
2018-04-02,31,24,27,0,6
2018-04-03,31,25,28,0,6
2018-04-04,31,25,28,0,9
2018-04-05,31,25,28,0,10
2018-04-06,32,25,29,0,11
2018-04-07,31,26,28,0,11
2018-04-08,30,26,28,0,21
2018-04-09,31,25,28,0,8
2018-04-10,32,26,29,0,8
2018-04-11,33,26,29,0,10
2018-04-12,34,27,30,0,8
2018-04-13,33,28,30,0,13
2018-04-14,34,27,30,0,10
2018-04-15,34,27,30,0,9
2018-04-16,33,27,30,0,11
2018-04-17,35,27,30,0,8
2018-04-18,32,27,29,0,12
2018-04-19,33,26,29,0,9
2018-04-20,34,27,30,0,6
2018-04-21,35,27,30,0,6
2018-04-22,35,27,31,0,8
2018-04-23,34,28,30,0,13
2018-04-24,35,28,31,0,9
2018-04-25,35,28,31,0,5
2018-04-26,34,28,31,0,5
2018-04-27,34,27,30,0,8
2018-04-28,34,27,30,0,7
2018-04-29,34,28,30,0,9
2018-04-30,34,28,31,0,8
2018-05-01,34,27,30,0,9
2018-05-02,35,28,31,0,11
2018-05-03,34,29,31,0,10
2018-05-04,34,28,30,0,9
2018-05-05,33,28,30,0,8
2018-05-06,35,28,31,0,11
2018-05-07,35,28,31,0,7
2018-05-08,35,29,31,0,7
2018-05-09,36,28,31,0,7
2018-05-10,34,28,31,0,9
2018-05-11,34,28,31,0,7
2018-05-12,35,28,31,0,9
2018-05-13,35,27,31,0,8
2018-05-14,35,28,31,0,8
2018-05-15,35,29,31,0,5
2018-05-16,35,28,31,0,10
2018-05-17,36,28,32,0,8
2018-05-18,36,29,32,0,10
2018-05-19,35,29,31,0,10
2018-05-20,35,29,31,0,10
2018-05-21,36,28,31,0,9
2018-05-22,35,28,31,0,6
2018-05-23,36,28,32,0,5
2018-05-24,35,29,32,0,10
2018-05-25,35,29,31,0,10
2018-05-26,36,28,31,0,8
2018-05-27,36,28,32,0,10
2018-05-28,36,29,32,0,7
2018-05-29,35,29,32,0,10
2018-05-30,35,29,31,0,11
2018-05-31,35,29,31,0,10
2018-06-01,35,29,32,0,9
2018-06-02,34,27,30,0,7
2018-06-03,33,27,30,0,11
2018-06-04,34,28,31,0,6
2018-06-05,34,28,31,0,3
2018-06-06,32,27,29,0,6
2018-06-07,30,27,28,0,12
2018-06-08,29,27,28,0,9
2018-06-09,28,27,27,0,20
2018-06-10,28,27,27,0,20
2018-06-11,28,27,27,0,15
2018-06-12,29,27,27,0,20
2018-06-13,29,27,27,0,20
2018-06-14,30,27,28,0,15
2018-06-15,30,27,28,0,22
2018-06-16,30,26,28,0,14
2018-06-17,30,26,28,0,14
2018-06-18,31,26,29,0,12
2018-06-19,32,27,29,0,4
2018-06-20,31,27,29,0,5
2018-06-21,31,26,28,0,8
2018-06-22,31,26,28,0,6
2018-06-23,32,26,28,0,4
2018-06-24,32,26,29,0,3
2018-06-25,31,26,29,0,6
2018-06-26,30,26,28,0,5
2018-06-27,30,26,28,0,4
2018-06-28,31,26,29,0,4
2018-06-29,31,26,29,0,4
2018-06-30,30,26,28,0,6
2018-07-01,30,27,28,0,8
2018-07-02,31,26,29,0,10
2018-07-03,30,27,28,0,7
2018-07-04,30,26,28,0,8
2018-07-05,31,26,28,0,12
2018-07-06,31,26,28,0,5
2018-07-07,31,26,28,0,5
2018-07-08,29,26,27,0,8
2018-07-09,30,26,27,0,5
2018-07-10,28,26,27,0,13
2018-07-11,28,26,27,0,14
2018-07-12,28,26,27,0,12
2018-07-13,28,26,26,0,8
2018-07-14,29,26,27,0,6
2018-07-15,28,26,27,0,18
2018-07-16,28,26,27,0,11
2018-07-17,27,26,26,0,9
2018-07-18,28,26,27,0,10
2018-07-19,29,26,27,0,7
2018-07-20,29,26,27,0,5
2018-07-21,29,26,27,0,21
2018-07-22,29,26,27,0,19
2018-07-23,28,26,27,0,13
2018-07-24,29,26,27,0,11
2018-07-25,30,26,27,0,6
2018-07-26,29,26,27,0,5
2018-07-27,30,26,27,0,6
2018-07-28,30,26,28,0,8
2018-07-29,29,26,28,0,8
2018-07-30,30,26,28,0,4
2018-07-31,30,26,28,0,6
2018-08-01,31,27,28,0,4
2018-08-02,30,26,28,0,7
2018-08-03,30,26,28,0,11
2018-08-04,30,26,28,0,0
2018-08-05,30,26,28,0,5
2018-08-06,29,26,27,0,4
2018-08-07,30,26,27,0,8
2018-08-08,29,26,27,0,13
2018-08-09,28,26,27,0,10
2018-08-10,28,26,27,0,18
2018-08-11,28,26,27,0,26
2018-08-12,28,26,27,0,23
2018-08-13,28,26,27,0,27
2018-08-14,29,26,27,0,23
2018-08-15,30,27,28,0,21
2018-08-16,30,27,28,0,15
2018-08-17,29,26,27,0,9
2018-08-18,29,26,27,0,12
2018-08-19,28,26,27,0,10
2018-08-20,29,26,27,0,15
2018-08-21,29,26,28,0,13
2018-08-22,30,27,28,0,20
2018-08-23,30,27,28,0,19
2018-08-24,29,26,28,0,15
2018-08-25,29,26,27,0,18
2018-08-26,29,26,27,0,14
2018-08-27,31,26,28,0,8
2018-08-28,31,26,29,0,3
2018-08-29,32,26,29,0,5
2018-08-30,31,26,29,0,3
2018-08-31,31,26,29,0,2
2018-09-01,30,26,28,0,1
2018-09-02,30,26,28,0,4
2018-09-03,29,25,27,0,8
2018-09-04,28,25,27,0,5
2018-09-05,30,25,28,0,5
2018-09-06,31,26,28,0,5
2018-09-07,28,26,27,0,5
2018-09-08,30,26,28,0,8
2018-09-09,31,26,28,0,6
2018-09-10,31,26,28,0,5
2018-09-11,30,26,28,0,3
2018-09-12,30,26,28,0,3
2018-09-13,31,26,28,0,2
2018-09-14,29,26,27,0,10
2018-09-15,27,26,27,0,34
2018-09-16,29,26,28,0,13
2018-09-17,32,26,28,0,4
2018-09-18,32,26,29,0,5
2018-09-19,30,27,28,0,6
2018-09-20,32,26,29,0,7
2018-09-21,31,26,28,0,2
2018-09-22,33,26,29,0,5
2018-09-23,33,26,29,0,4
2018-09-24,32,27,29,0,6
2018-09-25,31,26,29,0,6
2018-09-26,31,26,28,0,5
2018-09-27,31,27,28,0,5
2018-09-28,31,26,28,0,6
2018-09-29,31,26,28,0,4
2018-09-30,30,26,28,0,4
2018-10-01,31,26,29,0,5
2018-10-02,29,26,28,0,2
2018-10-03,31,26,28,0,3
2018-10-04,31,25,28,0,2
2018-10-05,32,25,28,0,6
2018-10-06,31,25,28,0,7
2018-10-07,31,26,28,0,5
2018-10-08,32,26,29,0,6
2018-10-09,32,26,29,0,5
2018-10-10,32,27,29,0,6
2018-10-11,32,27,29,0,4
2018-10-12,32,27,29,0,10
2018-10-13,32,27,29,0,7
2018-10-14,32,27,29,0,8
2018-10-15,31,26,29,0,4
2018-10-16,32,26,29,0,5
2018-10-17,31,26,29,0,3
2018-10-18,32,26,29,0,9
2018-10-19,32,26,29,0,7
2018-10-20,32,26,29,0,6
2018-10-21,31,27,28,0,8
2018-10-22,32,26,28,0,8
2018-10-23,32,26,28,0,10
2018-10-24,32,26,28,0,8
2018-10-25,31,26,28,0,8
2018-10-26,32,26,29,0,7
2018-10-27,32,27,29,0,5
2018-10-28,32,26,29,0,1
2018-10-29,29,24,27,0,8
2018-10-30,28,26,27,0,6
2018-10-31,31,26,28,0,20
2018-11-01,32,26,29,0,4
2018-11-02,32,26,29,0,9
2018-11-03,32,26,29,0,8
2018-11-04,32,26,29,0,9
2018-11-05,31,26,28,0,10
2018-11-06,30,27,28,0,17
2018-11-07,30,27,28,0,14
2018-11-08,31,26,28,0,10
2018-11-09,30,26,28,0,7
2018-11-10,31,26,28,0,15
2018-11-11,31,26,28,0,9
2018-11-12,31,26,28,0,9
2018-11-13,32,25,28,0,10
2018-11-14,31,25,28,0,8
2018-11-15,31,26,28,0,9
2018-11-16,32,26,28,0,9
2018-11-17,32,26,28,0,11
2018-11-18,31,25,28,0,8
2018-11-19,31,25,28,0,6
2018-11-20,30,25,28,0,9
2018-11-21,27,26,27,0,8
2018-11-22,31,26,28,0,13
2018-11-23,31,26,28,0,9
2018-11-24,31,25,28,0,6
2018-11-25,30,26,27,0,9
2018-11-26,31,25,28,0,9
2018-11-27,31,25,28,0,9
2018-11-28,31,25,28,0,8
2018-11-29,31,26,28,0,9
2018-11-30,30,26,28,0,14
2018-12-01,31,25,28,0,13
2018-12-02,30,26,28,0,8
2018-12-03,32,25,28,0,10
2018-12-04,31,27,29,0,7
2018-12-05,31,26,28,0,9
2018-12-06,31,27,29,0,9
2018-12-07,31,26,28,0,8
2018-12-08,30,26,28,0,7
2018-12-09,31,26,28,0,4
2018-12-10,31,25,28,0,5
2018-12-11,31,26,28,0,9
2018-12-12,31,26,28,0,5
2018-12-13,30,26,28,0,6
2018-12-14,28,26,27,0,12
2018-12-15,29,26,27,0,9
2018-12-16,30,25,27,0,7
2018-12-17,30,26,28,0,7
2018-12-18,30,26,27,0,13
2018-12-19,29,25,27,0,15
2018-12-20,29,24,27,0,8
2018-12-21,29,25,27,0,8
2018-12-22,30,25,28,0,3
2018-12-23,27,25,26,0,9
2018-12-24,28,25,26,0,9
2018-12-25,30,25,28,0,9
2018-12-26,31,25,28,0,8
2018-12-27,31,25,28,0,5
2018-12-28,28,25,27,0,5
2018-12-29,25,24,25,0,16
2018-12-30,26,24,25,0,17
2018-12-31,27,24,25,0,9
2019-01-01,29,25,26,0,9
2019-01-02,29,25,27,0,12
2019-01-03,29,25,27,0,9
2019-01-04,29,26,27,0,12
2019-01-05,29,25,27,0,14
2019-01-06,30,24,27,0,8
2019-01-07,29,23,26,0,10
2019-01-08,29,24,26,0,10
2019-01-09,29,24,26,0,13
2019-01-10,29,25,26,0,12
2019-01-11,29,25,27,0,9
2019-01-12,29,24,26,0,9
2019-01-13,29,24,26,0,8
2019-01-14,29,23,26,0,10
2019-01-15,29,24,26,0,13
2019-01-16,30,23,26,0,9
2019-01-17,30,22,26,0,7
2019-01-18,28,23,26,0,12
2019-01-19,29,24,26,0,11
2019-01-20,29,24,26,0,12
2019-01-21,29,25,27,0,11
2019-01-22,30,25,27,0,8
2019-01-23,29,25,27,0,10
2019-01-24,29,25,26,0,14
2019-01-25,28,24,26,0,13
2019-01-26,27,23,25,0,10
2019-01-27,26,23,24,0,18
2019-01-28,27,23,24,0,10
2019-01-29,27,22,24,0,8
2019-01-30,29,23,25,0,13
2019-01-31,29,23,26,0,6
2019-02-01,29,23,26,0,10
2019-02-02,28,24,26,0,11
2019-02-03,30,23,26,0,10
2019-02-04,30,24,27,0,8
2019-02-05,31,24,27,0,9
2019-02-06,30,22,26,0,8
2019-02-07,32,24,27,0,8
2019-02-08,32,23,27,0,11
2019-02-09,32,24,27,0,11
2019-02-10,30,24,27,0,9
2019-02-11,30,24,27,0,9
2019-02-12,29,23,26,0,11
2019-02-13,29,24,26,0,11
2019-02-14,29,23,26,0,7
2019-02-15,30,23,26,0,8
2019-02-16,30,24,27,0,9
2019-02-17,31,24,27,0,7
2019-02-18,30,24,27,0,12
2019-02-19,30,24,27,0,13
2019-02-20,29,24,26,0,11
2019-02-21,30,24,26,0,9
2019-02-22,30,24,26,0,8
2019-02-23,30,23,26,0,11
2019-02-24,32,24,27,0,12
2019-02-25,31,23,27,0,8
2019-02-26,29,24,27,0,10
2019-02-27,30,23,27,0,11
2019-02-28,31,24,27,0,6
2019-03-01,31,23,27,0,9
2019-03-02,31,24,27,0,9
2019-03-03,32,24,28,0,10
2019-03-04,33,25,28,0,7
2019-03-05,31,25,27,0,13
2019-03-06,33,25,28,0,8
2019-03-07,32,25,28,0,9
2019-03-08,32,26,28,0,11
2019-03-09,34,26,30,0,13
2019-03-10,33,26,29,0,7
2019-03-11,34,26,30,0,3
2019-03-12,34,26,29,0,8
2019-03-13,32,26,28,0,8
2019-03-14,32,26,28,0,9
2019-03-15,32,26,28,0,10
2019-03-16,31,25,28,0,10
2019-03-17,32,25,28,0,10
2019-03-18,32,25,28,0,9
2019-03-19,32,25,28,0,8
2019-03-20,32,25,28,0,10
2019-03-21,33,25,28,0,7
2019-03-22,33,25,29,0,10
2019-03-23,33,26,29,0,11
2019-03-24,31,25,28,0,12
2019-03-25,31,24,28,0,11
2019-03-26,32,25,28,0,9
2019-03-27,32,26,28,0,10
2019-03-28,33,26,29,0,10
2019-03-29,34,27,30,0,9
2019-03-30,33,26,29,0,9
2019-03-31,33,26,29,0,8
2019-04-01,32,26,29,0,12
2019-04-02,33,26,29,0,13
2019-04-03,33,26,29,0,12
2019-04-04,33,27,29,0,11
2019-04-05,34,27,30,0,13
2019-04-06,35,26,30,0,9
2019-04-07,36,28,31,0,11
2019-04-08,35,28,31,0,8
2019-04-09,33,28,30,0,13
2019-04-10,34,28,31,0,11
2019-04-11,34,28,30,0,11
2019-04-12,34,28,30,0,5
2019-04-13,34,28,31,0,8
2019-04-14,35,28,31,0,9
2019-04-15,35,28,31,0,10
2019-04-16,34,28,31,0,9
2019-04-17,34,28,31,0,8
2019-04-18,34,29,31,0,4
2019-04-19,36,28,32,0,9
2019-04-20,36,28,31,0,8
2019-04-21,36,28,31,0,10
2019-04-22,34,28,31,0,9
2019-04-23,34,28,31,0,11
2019-04-24,34,28,31,0,12
2019-04-25,36,28,31,0,11
2019-04-26,35,27,31,0,10
2019-04-27,34,28,30,0,10
2019-04-28,34,27,30,0,11
2019-04-29,34,28,30,0,9
2019-04-30,36,28,32,0,13
2019-05-01,34,28,31,0,7
2019-05-02,34,28,31,0,5
2019-05-03,34,27,30,0,5
2019-05-04,33,28,30,0,6
2019-05-05,33,27,29,0,4
2019-05-06,31,27,28,0,8
2019-05-07,29,27,28,0,7
2019-05-08,31,27,29,0,7
2019-05-09,32,27,29,0,6
2019-05-10,32,27,29,0,5
2019-05-11,31,27,29,0,6
2019-05-12,32,27,30,0,3
2019-05-13,34,28,31,0,5
2019-05-14,34,28,31,0,5
2019-05-15,34,28,31,0,6
2019-05-16,34,28,31,0,3
2019-05-17,33,28,31,0,4
2019-05-18,33,28,30,0,7
2019-05-19,34,29,31,0,5
2019-05-20,33,29,31,0,6
2019-05-21,33,28,30,0,8
2019-05-22,33,28,30,0,6
2019-05-23,33,28,30,0,4
2019-05-24,33,28,30,0,3
2019-05-25,32,27,29,0,8
2019-05-26,31,27,29,0,7
2019-05-27,32,26,29,0,5
2019-05-28,33,27,30,0,5
2019-05-29,33,28,30,0,5
2019-05-30,34,28,31,0,3
2019-05-31,34,28,31,0,8
2019-06-01,34,28,31,0,6
2019-06-02,35,29,31,0,8
2019-06-03,35,29,31,0,7
2019-06-04,34,28,31,0,10
2019-06-05,34,28,31,0,7
2019-06-06,34,28,31,0,13
2019-06-07,34,28,31,0,9
2019-06-08,34,29,31,0,8
2019-06-09,34,29,31,0,6
2019-06-10,32,28,30,0,5
2019-06-11,33,28,30,0,8
2019-06-12,33,28,30,0,6
2019-06-13,32,28,30,0,6
2019-06-14,32,28,29,0,6
2019-06-15,31,28,29,0,18
2019-06-16,32,28,29,0,6
2019-06-17,34,28,30,0,10
2019-06-18,33,28,30,0,8
2019-06-19,34,28,30,0,6
2019-06-20,33,28,31,0,7
2019-06-21,33,28,30,0,6
2019-06-22,33,28,30,0,3
2019-06-23,33,27,30,0,4
2019-06-24,32,27,29,0,6
2019-06-25,31,27,29,0,9
2019-06-26,30,27,28,0,4
2019-06-27,29,26,27,0,3
2019-06-28,29,27,27,0,11
2019-06-29,29,25,27,0,13
2019-06-30,29,25,27,0,14
2019-07-01,26,25,26,0,21
2019-07-02,27,25,26,0,15
2019-07-03,32,26,29,0,7
2019-07-04,32,27,29,0,4
2019-07-05,31,27,29,0,4
2019-07-06,31,27,29,0,5
2019-07-07,31,27,29,0,6
2019-07-08,31,27,29,0,6
2019-07-09,31,27,29,0,7
2019-07-10,31,27,29,0,10
2019-07-11,32,27,29,0,9
2019-07-12,33,27,30,0,3
2019-07-13,31,27,29,0,3
2019-07-14,31,27,28,0,4
2019-07-15,30,27,28,0,5
2019-07-16,28,26,27,0,4
2019-07-17,27,26,27,0,18
2019-07-18,29,26,28,0,23
2019-07-19,31,26,28,0,28
2019-07-20,31,27,29,0,8
2019-07-21,31,27,28,0,6
2019-07-22,31,26,28,0,8
2019-07-23,30,27,28,0,6
2019-07-24,31,26,28,0,8
2019-07-25,30,26,28,0,5
2019-07-26,30,26,28,0,7
2019-07-27,30,26,28,0,3
2019-07-28,28,26,27,0,5
2019-07-29,28,25,27,0,12
2019-07-30,28,26,27,0,4
2019-07-31,30,26,28,0,6
2019-08-01,30,26,28,0,12
2019-08-02,29,26,27,0,11
2019-08-03,27,26,26,0,18
2019-08-04,26,26,26,0,21
2019-08-05,28,26,27,0,20
2019-08-06,27,26,27,0,15
2019-08-07,29,27,27,0,21
2019-08-08,29,27,28,0,28
2019-08-09,29,26,28,0,32
2019-08-10,29,27,28,0,28
2019-08-11,30,27,28,0,24
2019-08-12,30,27,28,0,21
2019-08-13,30,27,28,0,18
2019-08-14,30,27,28,0,19
2019-08-15,30,27,28,0,19
2019-08-16,31,27,29,0,16
2019-08-17,30,27,29,0,14
2019-08-18,31,27,29,0,9
2019-08-19,31,27,28,0,9
2019-08-20,31,26,28,0,8
2019-08-21,30,27,28,0,13
2019-08-22,29,26,27,0,11
2019-08-23,29,26,27,0,16
2019-08-24,29,26,27,0,21
2019-08-25,30,27,28,0,12
2019-08-26,31,26,28,0,6
2019-08-27,27,25,26,0,9
2019-08-28,29,25,27,0,5
2019-08-29,30,26,27,0,6
2019-08-30,29,25,27,0,14
2019-08-31,29,26,27,0,7
2019-09-01,29,25,27,0,2
2019-09-02,30,25,27,0,10
2019-09-03,29,26,27,0,19
2019-09-04,30,27,28,0,14
2019-09-05,30,27,28,0,17
2019-09-06,30,27,28,0,15
2019-09-07,30,27,28,0,18
2019-09-08,29,27,28,0,16
2019-09-09,29,26,27,0,17
2019-09-10,28,26,27,0,8
2019-09-11,29,25,27,0,6
2019-09-12,27,25,26,0,4
2019-09-13,29,25,27,0,8
2019-09-14,30,26,28,0,6
2019-09-15,27,25,26,0,10
2019-09-16,28,25,26,0,19
2019-09-17,28,26,27,0,21
2019-09-18,28,26,27,0,30
2019-09-19,28,25,27,0,22
2019-09-20,27,24,26,0,15
2019-09-21,29,24,27,0,20
2019-09-22,29,25,28,0,7
2019-09-23,32,26,29,0,3
2019-09-24,31,26,29,0,4
2019-09-25,32,26,29,0,8
2019-09-26,32,26,29,0,8
2019-09-27,32,26,29,0,5
2019-09-28,32,27,29,0,5
2019-09-29,30,27,28,0,6
2019-09-30,30,27,28,0,11
2019-10-01,30,27,29,0,5
2019-10-02,31,27,28,0,6
2019-10-03,31,26,28,0,8
2019-10-04,30,26,28,0,5
2019-10-05,31,26,28,0,6
2019-10-06,31,26,28,0,5
2019-10-07,32,26,29,0,11
2019-10-08,31,26,29,0,9
2019-10-09,31,26,28,0,9
2019-10-10,31,26,28,0,6
2019-10-11,31,26,28,0,5
2019-10-12,31,26,28,0,5
2019-10-13,31,26,28,0,9
2019-10-14,30,25,28,0,9
2019-10-15,31,26,28,0,9
2019-10-16,31,26,28,0,10
2019-10-17,32,26,29,0,9
2019-10-18,32,27,29,0,8
2019-10-19,31,26,29,0,7
2019-10-20,32,26,29,0,5
2019-10-21,31,27,29,0,7
2019-10-22,31,27,28,0,8
2019-10-23,32,26,29,0,7
2019-10-24,31,27,28,0,9
2019-10-25,31,26,28,0,8
2019-10-26,31,27,28,0,12
2019-10-27,31,26,29,0,8
2019-10-28,30,27,28,0,9
2019-10-29,31,27,29,0,10
2019-10-30,31,27,28,0,9
2019-10-31,31,26,28,0,12
2019-11-01,31,27,29,0,12
2019-11-02,31,26,28,0,6
2019-11-03,30,26,28,0,7
2019-11-04,31,26,28,0,10
2019-11-05,31,26,28,0,5
2019-11-06,30,26,28,0,5
2019-11-07,30,26,28,0,9
2019-11-08,31,26,28,0,6
2019-11-09,31,26,28,0,8
2019-11-10,31,26,28,0,4
2019-11-11,29,26,27,0,5
2019-11-12,29,26,27,0,4
2019-11-13,28,25,27,0,7
2019-11-14,29,25,27,0,9
2019-11-15,30,26,28,0,4
2019-11-16,32,26,29,0,6
2019-11-17,30,25,28,0,6
2019-11-18,30,24,28,0,8
2019-11-19,32,26,29,0,8
2019-11-20,32,27,29,0,5
2019-11-21,31,27,28,0,8
2019-11-22,30,26,28,0,7
2019-11-23,31,26,28,0,9
2019-11-24,30,26,28,0,9
2019-11-25,30,26,28,0,10
2019-11-26,30,27,28,0,14
2019-11-27,31,26,28,0,10
2019-11-28,30,27,28,0,14
2019-11-29,29,25,27,0,18
2019-11-30,29,25,27,0,11
2019-12-01,29,25,27,0,11
2019-12-02,29,24,27,0,10
2019-12-03,27,25,26,0,12
2019-12-04,30,26,28,0,32
2019-12-05,31,26,28,0,11
2019-12-06,30,26,28,0,5
2019-12-07,30,25,27,0,11
2019-12-08,29,25,27,0,7
2019-12-09,28,25,26,0,10
2019-12-10,28,24,26,0,6
2019-12-11,29,25,27,0,8
2019-12-12,29,25,27,0,10
2019-12-13,30,26,28,0,13
2019-12-14,30,25,28,0,13
2019-12-15,30,26,28,0,13
2019-12-16,30,26,28,0,13
2019-12-17,30,26,28,0,12
2019-12-18,30,26,28,0,13
2019-12-19,29,25,27,0,12
2019-12-20,30,25,27,0,7
2019-12-21,29,26,27,0,12
2019-12-22,30,25,27,0,9
2019-12-23,30,25,27,0,9
2019-12-24,32,25,28,0,9
2019-12-25,27,26,26,0,16
2019-12-26,30,26,28,0,12
2019-12-27,31,25,28,0,5
2019-12-28,30,26,27,0,8
2019-12-29,29,25,27,0,9
2019-12-30,30,24,27,0,8
2019-12-31,30,25,27,0,13
2020-01-01,30,26,28,0,16
2020-01-02,29,26,28,0,16
2020-01-03,29,26,27,0,16
2020-01-04,29,24,27,0,9
2020-01-05,28,25,27,0,14
2020-01-06,29,25,27,0,12
2020-01-07,30,25,27,0,10
2020-01-08,30,25,27,0,10
2020-01-09,30,25,27,0,9
2020-01-10,30,25,27,0,7
2020-01-11,30,25,27,0,9
2020-01-12,30,25,27,0,9
2020-01-13,29,24,27,0,10
2020-01-14,30,26,27,0,9
2020-01-15,30,25,27,0,7
2020-01-16,31,25,27,0,6
2020-01-17,31,26,28,0,7
2020-01-18,31,26,28,0,6
2020-01-19,31,26,28,0,9
2020-01-20,30,25,27,0,7
2020-01-21,28,24,26,0,9
2020-01-22,29,23,26,0,15
2020-01-23,30,24,26,0,10
2020-01-24,29,24,26,0,5
2020-01-25,29,26,27,0,8
2020-01-26,32,25,28,0,7
2020-01-27,32,25,28,0,8
2020-01-28,32,24,28,0,5
2020-01-29,32,24,27,0,6
2020-01-30,30,24,27,0,6
2020-01-31,29,23,25,0,14
2020-02-01,28,23,25,0,7
2020-02-02,27,23,24,0,10
2020-02-03,27,23,24,0,10
2020-02-04,29,22,25,0,10
2020-02-05,29,22,26,0,9
2020-02-06,29,25,27,0,9
2020-02-07,30,25,27,0,12
2020-02-08,29,26,28,0,10
2020-02-09,28,25,27,0,11
2020-02-10,28,24,26,0,14
2020-02-11,29,23,26,0,12
2020-02-12,30,22,26,0,10
2020-02-13,30,22,26,0,9
2020-02-14,31,24,27,0,9
2020-02-15,33,24,28,0,11
2020-02-16,32,25,28,0,11
2020-02-17,31,24,27,0,6
2020-02-18,27,23,26,0,12
2020-02-19,29,24,26,0,10
2020-02-20,29,23,26,0,16
2020-02-21,28,22,25,0,15
2020-02-22,29,24,26,0,20
2020-02-23,29,24,26,0,12
2020-02-24,31,25,27,0,13
2020-02-25,30,24,27,0,13
2020-02-26,31,22,27,0,12
2020-02-27,30,25,27,0,7
2020-02-28,29,24,26,0,11
2020-02-29,32,25,27,0,10
2020-03-01,31,24,28,0,10
2020-03-02,33,24,28,0,8
2020-03-03,31,24,27,0,11
2020-03-04,31,25,27,0,9
2020-03-05,33,25,28,0,5
2020-03-06,32,25,28,0,7
2020-03-07,32,26,29,0,6
2020-03-08,34,27,30,0,3
2020-03-09,35,27,30,0,7
2020-03-10,34,27,30,0,6
2020-03-11,32,27,29,0,4
2020-03-12,33,27,29,0,12
2020-03-13,34,27,30,0,10
2020-03-14,33,26,29,0,9
2020-03-15,31,26,28,0,10
2020-03-16,30,27,28,0,6
2020-03-17,31,26,28,0,10
2020-03-18,33,25,28,0,6
2020-03-19,33,25,29,0,9
2020-03-20,33,26,29,0,7
2020-03-21,34,26,29,0,10
2020-03-22,33,26,29,0,9
2020-03-23,34,26,30,0,8
2020-03-24,32,26,29,0,10
2020-03-25,33,26,29,0,9
2020-03-26,34,25,29,0,13
2020-03-27,34,26,30,0,10
2020-03-28,34,26,30,0,11
2020-03-29,34,28,30,0,9
2020-03-30,34,27,30,0,10
2020-03-31,35,26,30,0,10
2020-04-01,34,26,30,0,5
2020-04-02,34,28,30,0,9
2020-04-03,34,27,30,0,13
2020-04-04,34,26,30,0,10
2020-04-05,34,26,30,0,10
2020-04-06,32,27,29,0,9
2020-04-07,35,27,30,0,8
2020-04-08,32,28,30,0,7
2020-04-09,33,27,29,0,7
2020-04-10,32,27,29,0,7
2020-04-11,33,27,30,0,7
2020-04-12,32,28,30,0,5
2020-04-13,31,27,29,0,13
2020-04-14,30,27,28,0,9
2020-04-15,32,26,29,0,8
2020-04-16,33,27,30,0,4
2020-04-17,33,27,30,0,9
2020-04-18,34,28,30,0,9
2020-04-19,34,28,31,0,10
2020-04-20,34,28,31,0,7
2020-04-21,35,28,31,0,8
2020-04-22,35,29,31,0,6
2020-04-23,35,28,31,0,10
2020-04-24,35,29,31,0,10
2020-04-25,34,28,31,0,9
2020-04-26,35,28,31,0,9
2020-04-27,34,28,31,0,9
2020-04-28,35,27,31,0,10
2020-04-29,33,28,30,0,8
2020-04-30,34,28,31,0,8
2020-05-01,34,27,31,0,9
2020-05-02,35,28,31,0,9
2020-05-03,34,29,31,0,7
2020-05-04,35,29,32,0,8
2020-05-05,36,29,32,0,9
2020-05-06,36,29,32,0,8
2020-05-07,34,29,32,0,5
2020-05-08,36,29,32,0,10
2020-05-09,35,29,32,0,9
2020-05-10,35,30,32,0,8
2020-05-11,35,29,32,0,11
2020-05-12,35,29,32,0,5
2020-05-13,35,29,32,0,7
2020-05-14,34,29,31,0,6
2020-05-15,30,25,28,0,8
2020-05-16,31,25,29,0,14
2020-05-17,33,27,30,0,3
2020-05-18,34,28,31,0,6
2020-05-19,33,29,30,0,5
2020-05-20,34,28,31,0,6
2020-05-21,33,28,31,0,6
2020-05-22,33,29,30,0,7
2020-05-23,32,29,30,0,6
2020-05-24,33,29,30,0,7
2020-05-25,33,28,31,0,5
2020-05-26,34,28,31,0,6
2020-05-27,33,29,31,0,5
2020-05-28,33,28,31,0,7
2020-05-29,34,28,31,0,3
2020-05-30,33,28,30,0,9
2020-05-31,35,28,31,0,4
2020-06-01,34,28,31,0,12
2020-06-02,33,29,31,0,10
2020-06-03,35,28,31,0,9
2020-06-04,34,29,31,0,6
2020-06-05,35,28,31,0,8
2020-06-06,35,28,32,0,7
2020-06-07,34,29,31,0,5
2020-06-08,35,28,31,0,4
2020-06-09,34,28,31,0,6
2020-06-10,33,29,31,0,7
2020-06-11,31,25,29,0,7
2020-06-12,28,24,26,0,8
2020-06-13,30,23,28,0,9
2020-06-14,31,26,28,0,6
2020-06-15,32,27,30,0,10
2020-06-16,34,27,30,0,6
2020-06-17,33,27,30,0,10
2020-06-18,34,28,31,0,8
2020-06-19,32,27,29,0,8
2020-06-20,32,27,29,0,6
2020-06-21,33,28,30,0,5
2020-06-22,34,28,31,0,4
2020-06-23,33,28,30,0,6
2020-06-24,33,28,30,0,7
2020-06-25,34,28,30,0,6
2020-06-26,33,28,30,0,9
2020-06-27,33,28,30,0,10
2020-06-28,32,27,29,0,10
2020-06-29,31,27,29,0,8
2020-06-30,32,27,29,0,3
2020-07-01,33,28,30,0,5
2020-07-02,33,28,31,0,4
2020-07-03,34,28,30,0,8
2020-07-04,32,27,29,0,8
2020-07-05,32,27,29,0,7
2020-07-06,33,27,30,0,6
2020-07-07,34,28,31,0,7
2020-07-08,33,28,30,0,8
2020-07-09,34,28,30,0,8
2020-07-10,33,28,30,0,6
2020-07-11,32,28,29,0,5
2020-07-12,33,28,30,0,4
2020-07-13,29,26,28,0,3
2020-07-14,32,25,29,0,5
2020-07-15,33,28,30,0,3
2020-07-16,33,28,30,0,5
2020-07-17,34,28,30,0,8
2020-07-18,34,28,31,0,4
2020-07-19,32,28,30,0,8
2020-07-20,32,27,29,0,8
2020-07-21,33,27,30,0,6
2020-07-22,33,28,30,0,6
2020-07-23,33,28,30,0,7
2020-07-24,32,28,30,0,9
2020-07-25,32,27,29,0,9
2020-07-26,33,28,30,0,4
2020-07-27,34,28,30,0,4
2020-07-28,31,27,29,0,8
2020-07-29,31,25,28,0,9
2020-07-30,29,25,28,0,6
2020-07-31,29,24,28,0,5
2020-08-01,27,25,27,0,6
2020-08-02,28,24,27,0,6
2020-08-03,32,27,30,0,5
2020-08-04,32,27,30,0,4
2020-08-05,33,28,30,0,6
2020-08-06,32,28,29,0,9
2020-08-07,29,24,27,0,8
2020-08-08,29,23,27,0,7
2020-08-09,29,24,26,0,18
2020-08-10,30,27,28,0,25
2020-08-11,33,27,29,0,4
2020-08-12,32,27,29,0,5
2020-08-13,32,27,29,0,6
2020-08-14,30,27,28,0,4
2020-08-15,30,26,28,0,9
2020-08-16,31,26,29,0,7
2020-08-17,30,26,28,0,5
2020-08-18,31,27,29,0,1
2020-08-19,30,27,28,0,4
2020-08-20,28,26,27,0,8
2020-08-21,31,26,28,0,3
2020-08-22,32,27,29,0,8
2020-08-23,32,27,30,0,7
2020-08-24,32,25,29,0,7
2020-08-25,32,27,30,0,6
2020-08-26,32,29,30,0,9
2020-08-27,32,27,30,0,9
2020-08-28,32,27,30,0,8
2020-08-29,31,29,30,0,8
2020-08-30,30,27,29,0,3
2020-08-31,29,27,28,0,10
2020-09-01,30,27,28,0,9
2020-09-02,32,27,29,0,8
2020-09-03,33,28,30,0,6
2020-09-04,33,27,30,0,5
2020-09-05,33,27,30,0,7
2020-09-06,31,27,29,0,6
2020-09-07,31,27,29,0,4
2020-09-08,33,28,30,0,4
2020-09-09,33,28,30,0,8
2020-09-10,32,27,30,0,4
2020-09-11,33,28,30,0,5
2020-09-12,31,27,29,0,3
2020-09-13,33,27,30,0,6
2020-09-14,32,27,30,0,5
2020-09-15,30,25,28,0,7
2020-09-16,31,24,28,0,13
2020-09-17,29,27,28,0,12
2020-09-18,30,27,28,0,9
2020-09-19,33,27,29,0,9
2020-09-20,32,27,30,0,5
2020-09-21,33,27,30,0,8
2020-09-22,33,28,30,0,6
2020-09-23,31,27,29,0,3
2020-09-24,30,25,28,0,8
2020-09-25,31,26,28,0,6
2020-09-26,30,27,28,0,4
2020-09-27,33,27,30,0,4
2020-09-28,32,27,30,0,4
2020-09-29,32,27,29,0,9
2020-09-30,32,27,29,0,6
2020-10-01,31,27,29,0,5
2020-10-02,31,27,29,0,4
2020-10-03,31,27,29,0,3
2020-10-04,32,27,29,0,4
2020-10-05,32,27,29,0,4
2020-10-06,32,28,29,0,9
2020-10-07,31,27,29,0,8
2020-10-08,32,27,29,0,12
2020-10-09,29,27,28,0,9
2020-10-10,30,26,28,0,6
2020-10-11,28,24,27,0,3
2020-10-12,28,25,27,0,9
2020-10-13,30,27,28,0,9
2020-10-14,30,26,28,0,10
2020-10-15,31,27,29,0,20
2020-10-16,32,26,29,0,8
2020-10-17,31,26,28,0,9
2020-10-18,28,26,27,0,7
2020-10-19,33,27,29,0,6
2020-10-20,29,24,26,0,8
2020-10-21,29,25,27,0,18
2020-10-22,31,26,28,0,15
2020-10-23,31,25,28,0,9
2020-10-24,30,26,28,0,12
2020-10-25,30,26,27,0,2
2020-10-26,28,25,26,0,21
2020-10-27,29,24,27,0,22
2020-10-28,29,27,28,0,10
2020-10-29,31,26,28,0,5
2020-10-30,32,26,29,0,8
2020-10-31,31,28,29,0,14
2020-11-01,28,23,25,0,9
2020-11-02,31,22,28,0,25
2020-11-03,31,26,28,0,3
2020-11-04,30,26,28,0,10
2020-11-05,30,26,28,0,8
2020-11-06,31,26,28,0,9
2020-11-07,30,26,28,0,7
2020-11-08,30,26,28,0,15
2020-11-09,31,26,28,0,7
2020-11-10,32,26,28,0,9
2020-11-11,28,26,28,0,6
2020-11-12,29,25,26,0,49
2020-11-13,32,27,29,0,17
2020-11-14,31,26,29,0,9
2020-11-15,31,27,29,0,9
2020-11-16,33,26,29,0,9
2020-11-17,32,25,29,0,9
2020-11-18,33,24,28,0,8
2020-11-19,33,26,29,0,8
2020-11-20,32,26,29,0,8
2020-11-21,31,26,29,0,9
2020-11-22,30,25,28,0,11
2020-11-23,30,26,27,0,10
2020-11-24,29,26,28,0,15
2020-11-25,29,26,27,0,14
2020-11-26,30,26,28,0,16
2020-11-27,30,26,28,0,11
2020-11-28,30,28,29,0,12
2020-11-29,29,27,28,0,17
2020-11-30,29,24,27,0,16
2020-12-01,31,24,27,0,13
2020-12-02,30,26,28,0,5
2020-12-03,30,27,28,0,4
2020-12-04,30,26,28,0,7
2020-12-05,31,26,28,0,8
2020-12-06,31,26,28,0,8
2020-12-07,31,27,29,0,7
2020-12-08,31,27,28,0,8
2020-12-09,32,26,29,0,8
2020-12-10,30,26,28,0,8
2020-12-11,32,26,29,0,6
2020-12-12,32,26,29,0,7
2020-12-13,31,27,29,0,9
2020-12-14,32,26,29,0,10
2020-12-15,31,27,28,0,11
2020-12-16,31,26,28,0,14
2020-12-17,30,27,28,0,14
2020-12-18,29,26,28,0,15
2020-12-19,27,24,26,0,18
2020-12-20,27,23,25,0,16
2020-12-21,28,25,26,0,12
2020-12-22,31,26,28,0,10
2020-12-23,31,26,28,0,9
2020-12-24,33,25,28,0,9
2020-12-25,32,25,29,0,8
2020-12-26,30,27,28,0,12
2020-12-27,27,24,26,0,10
2020-12-28,30,23,27,0,3
2020-12-29,32,26,28,0,8
2020-12-30,32,26,29,0,6
2020-12-31,28,26,27,0,17
2021-01-01,27,24,25,0,17
2021-01-02,28,24,26,0,8
2021-01-03,29,26,27,0,18
2021-01-04,31,26,28,0,13
2021-01-05,30,25,28,0,10
2021-01-06,31,25,27,0,10
2021-01-07,31,25,28,0,10
2021-01-08,29,26,27,0,11
2021-01-09,28,25,26,0,17
2021-01-10,27,25,26,0,10
2021-01-11,28,23,25,0,13
2021-01-12,28,23,25,0,8
2021-01-13,29,24,26,0,9
2021-01-14,29,24,26,0,7
2021-01-15,29,25,27,0,6
2021-01-16,30,25,27,0,6
2021-01-17,27,25,26,0,8
2021-01-18,28,26,27,0,21
2021-01-19,27,26,26,0,13
2021-01-20,28,23,26,0,12
2021-01-21,30,22,27,0,4
2021-01-22,30,25,27,0,8
2021-01-23,30,26,28,0,5
2021-01-24,31,26,28,0,5
2021-01-25,31,26,28,0,9
2021-01-26,31,25,28,0,9
2021-01-27,28,25,27,0,9
2021-01-28,28,23,26,0,8
2021-01-29,27,23,25,0,14
2021-01-30,27,24,25,0,17
2021-01-31,27,24,25,0,15
2021-02-01,29,23,26,0,11
2021-02-02,30,23,26,0,9
2021-02-03,30,25,27,0,8
2021-02-04,29,25,27,0,10
2021-02-05,29,26,27,0,15
2021-02-06,31,25,27,0,8
2021-02-07,32,26,28,0,10
2021-02-08,30,25,27,0,11
2021-02-09,27,23,26,0,15
2021-02-10,29,23,26,0,7
2021-02-11,30,24,27,0,4
2021-02-12,30,25,27,0,13
2021-02-13,30,25,27,0,11
2021-02-14,30,26,27,0,6
2021-02-15,30,25,27,0,10
2021-02-16,30,24,27,0,10
2021-02-17,30,23,26,0,9
2021-02-18,28,25,26,0,10
2021-02-19,26,23,25,0,18
2021-02-20,27,21,24,0,19
2021-02-21,27,21,24,0,10
2021-02-22,28,23,26,0,12
2021-02-23,30,25,27,0,3
2021-02-24,32,25,28,0,9
2021-02-25,32,25,28,0,10
2021-02-26,31,26,28,0,12
2021-02-27,32,26,29,0,5
2021-02-28,32,25,28,0,7
2021-03-01,32,26,28,0,9
2021-03-02,33,25,29,0,8
2021-03-03,31,26,28,0,8
2021-03-04,31,26,28,0,11
2021-03-05,31,25,28,0,10
2021-03-06,32,25,28,0,8
2021-03-07,31,25,27,0,7
2021-03-08,31,24,27,0,11
2021-03-09,31,26,28,0,10
2021-03-10,30,26,28,0,14
2021-03-11,31,26,28,0,14
2021-03-12,29,26,27,0,18
2021-03-13,28,26,27,0,12
2021-03-14,28,25,27,0,15
2021-03-15,30,26,28,0,8
2021-03-16,32,26,28,0,7
2021-03-17,32,26,29,0,6
2021-03-18,33,26,29,0,3
2021-03-19,32,27,30,0,9
2021-03-20,33,27,29,0,7
2021-03-21,32,27,29,0,8
2021-03-22,30,27,29,0,9
2021-03-23,30,27,28,0,13
2021-03-24,32,26,29,0,13
2021-03-25,33,26,29,0,10
2021-03-26,32,26,29,0,10
2021-03-27,33,27,30,0,9
2021-03-28,33,26,29,0,6
2021-03-29,33,27,30,0,8
2021-03-30,33,27,30,0,8
2021-03-31,33,27,30,0,6
2021-04-01,34,25,29,0,8
2021-04-02,34,25,30,0,8
2021-04-03,34,26,30,0,11
2021-04-04,32,27,29,0,10
2021-04-05,33,27,29,0,10
2021-04-06,32,27,29,0,10
2021-04-07,32,26,28,0,11
2021-04-08,31,27,28,0,8
2021-04-09,32,27,29,0,7
2021-04-10,32,27,29,0,12
2021-04-11,33,26,29,0,7
2021-04-12,34,26,30,0,7
2021-04-13,33,26,30,0,6
2021-04-14,33,27,30,0,8
2021-04-15,33,27,29,0,8
2021-04-16,34,28,30,0,7
2021-04-17,34,26,30,0,5
2021-04-18,33,28,30,0,5
2021-04-19,32,27,29,0,7
2021-04-20,31,27,29,0,6
2021-04-21,31,28,29,0,1
2021-04-22,32,27,30,0,8
2021-04-23,32,27,29,0,13
2021-04-24,33,26,29,0,14
2021-04-25,34,26,29,0,5
2021-04-26,31,26,29,0,8
2021-04-27,32,27,29,0,9
2021-04-28,32,26,29,0,12
2021-04-29,33,26,29,0,9
2021-04-30,33,27,30,0,5
2021-05-01,36,28,31,0,7
2021-05-02,35,28,31,0,9
2021-05-03,34,28,30,0,9
2021-05-04,34,28,31,0,9
2021-05-05,35,28,31,0,10
2021-05-06,34,28,31,0,11
2021-05-07,35,29,31,0,11
2021-05-08,36,28,31,0,9
2021-05-09,35,28,31,0,7
2021-05-10,35,29,31,0,8
2021-05-11,34,29,31,0,8
2021-05-12,36,29,32,0,10
2021-05-13,36,29,32,0,11
2021-05-14,35,28,31,0,12
2021-05-15,35,28,31,0,10
2021-05-16,35,28,32,0,10
2021-05-17,36,28,32,0,12
2021-05-18,35,29,32,0,11
2021-05-19,35,28,31,0,10
2021-05-20,35,29,32,0,10
2021-05-21,33,28,30,0,10
2021-05-22,34,28,30,0,7
2021-05-23,35,27,31,0,4
2021-05-24,34,28,31,0,8
2021-05-25,35,28,31,0,4
2021-05-26,34,30,31,0,8
2021-05-27,35,29,31,0,7
2021-05-28,35,30,32,0,9
2021-05-29,35,29,32,0,9
2021-05-30,34,28,31,0,4
2021-05-31,33,29,31,0,4
2021-06-01,34,29,31,0,7
2021-06-02,31,25,29,0,9
2021-06-03,28,25,27,0,28
2021-06-04,31,25,29,0,10
2021-06-05,32,27,29,0,6
2021-06-06,32,27,30,0,7
2021-06-07,32,26,29,0,6
2021-06-08,30,25,28,0,4
2021-06-09,30,25,28,0,4
2021-06-10,30,26,28,0,10
2021-06-11,29,26,28,0,4
2021-06-12,31,25,28,0,7
2021-06-13,30,24,28,0,3
2021-06-14,30,26,28,0,7
2021-06-15,30,27,29,0,6
2021-06-16,32,27,30,0,5
2021-06-17,32,27,30,0,5
2021-06-18,33,27,30,0,5
2021-06-19,31,27,29,0,7
2021-06-20,31,27,29,0,9
2021-06-21,29,26,28,0,12
2021-06-22,29,25,27,0,13
2021-06-23,29,26,27,0,10
2021-06-24,31,26,29,0,6
2021-06-25,30,28,29,0,6
2021-06-26,32,27,29,0,3
2021-06-27,32,27,30,0,7
2021-06-28,32,26,29,0,4
2021-06-29,33,27,30,0,2
2021-06-30,32,28,30,0,5
2021-07-01,32,29,30,0,5
2021-07-02,32,28,29,0,3
2021-07-03,30,25,28,0,5
2021-07-04,28,24,26,0,4
2021-07-05,29,27,28,0,6
2021-07-06,28,25,27,0,12
2021-07-07,32,25,28,0,9
2021-07-08,33,27,30,0,10
2021-07-09,33,27,30,0,9
2021-07-10,33,27,30,0,9
2021-07-11,31,28,30,0,10
2021-07-12,33,27,30,0,8
2021-07-13,32,27,30,0,5
2021-07-14,32,26,29,0,5
2021-07-15,32,25,29,0,5
2021-07-16,31,27,29,0,5
2021-07-17,31,27,28,0,5
2021-07-18,29,27,28,0,8
2021-07-19,28,26,27,0,17
2021-07-20,27,25,26,0,18
2021-07-21,26,24,26,0,12
2021-07-22,28,26,27,0,18
2021-07-23,28,26,27,0,17
2021-07-24,29,27,28,0,28
2021-07-25,28,26,27,0,26
2021-07-26,29,25,27,0,22
2021-07-27,29,27,28,0,23
2021-07-28,28,26,27,0,26
2021-07-29,28,25,27,0,17
2021-07-30,29,24,27,0,18
2021-07-31,29,24,27,0,17
2021-08-01,29,25,27,0,21
2021-08-02,29,27,28,0,22
2021-08-03,28,27,27,0,23
2021-08-04,28,27,27,0,28
2021-08-05,29,27,28,0,25
2021-08-06,30,27,28,0,29
2021-08-07,30,27,28,0,21
2021-08-08,31,27,29,0,15
2021-08-09,31,27,29,0,8
2021-08-10,30,26,28,0,3
2021-08-11,29,27,28,0,8
2021-08-12,29,26,27,0,3
2021-08-13,30,26,28,0,4
2021-08-14,32,26,28,0,5
2021-08-15,30,26,28,0,4
2021-08-16,32,26,29,0,5
2021-08-17,32,27,29,0,9
2021-08-18,32,27,29,0,6
2021-08-19,31,26,28,0,7
2021-08-20,32,26,29,0,4
2021-08-21,31,27,29,0,4
2021-08-22,31,27,28,0,9
2021-08-23,31,26,28,0,5
2021-08-24,29,27,28,0,4
2021-08-25,31,26,28,0,3
2021-08-26,30,26,28,0,6
2021-08-27,30,26,28,0,8
2021-08-28,31,26,28,0,9
2021-08-29,31,26,28,0,8
2021-08-30,31,25,28,0,6
2021-08-31,31,25,27,0,9
2021-09-01,30,25,27,0,7
2021-09-02,31,25,28,0,7
2021-09-03,32,25,28,0,6
2021-09-04,32,25,28,0,5
2021-09-05,29,25,27,0,7
2021-09-06,31,25,27,0,9
2021-09-07,29,26,28,0,5
2021-09-08,29,25,27,0,3
2021-09-09,28,24,26,0,19
2021-09-10,29,26,27,0,8
2021-09-11,27,26,26,0,19
2021-09-12,30,25,27,0,8
2021-09-13,31,26,28,0,2
2021-09-14,32,26,28,0,5
2021-09-15,32,26,28,0,8
2021-09-16,32,26,28,0,5
2021-09-17,30,26,28,0,6
2021-09-18,32,26,29,0,7
2021-09-19,32,26,28,0,9
2021-09-20,30,26,28,0,5
2021-09-21,31,25,28,0,4
2021-09-22,32,26,28,0,6
2021-09-23,32,26,29,0,7
2021-09-24,31,26,28,0,6
2021-09-25,32,26,29,0,7
2021-09-26,33,26,29,0,7
2021-09-27,32,26,28,0,3
2021-09-28,31,26,28,0,5
2021-09-29,31,26,28,0,2
2021-09-30,31,26,28,0,4
2021-10-01,32,26,28,0,1
2021-10-02,30,26,28,0,0
2021-10-03,29,26,27,0,4
2021-10-04,31,26,28,0,8
2021-10-05,28,26,27,0,14
2021-10-06,27,25,26,0,9
2021-10-07,28,24,26,0,8
2021-10-08,29,25,27,0,5
2021-10-09,29,25,27,0,6
2021-10-10,31,25,28,0,3
2021-10-11,30,25,28,0,1
2021-10-12,30,26,27,0,25
2021-10-13,29,25,26,0,10
2021-10-14,27,25,26,0,4
2021-10-15,29,25,26,0,4
2021-10-16,30,25,27,0,6
2021-10-17,31,25,27,0,7
2021-10-18,32,25,28,0,7
2021-10-19,31,25,28,0,8
2021-10-20,30,26,28,0,7
2021-10-21,29,26,27,0,6
2021-10-22,33,26,28,0,6
2021-10-23,31,25,28,0,10
2021-10-24,28,25,26,0,9
2021-10-25,28,25,26,0,9
2021-10-26,31,25,27,0,8
2021-10-27,32,25,28,0,8
2021-10-28,30,26,28,0,8
2021-10-29,30,26,28,0,9
2021-10-30,30,25,28,0,10
2021-10-31,31,26,28,0,8
2021-11-01,33,26,28,0,5
2021-11-02,30,26,28,0,10
2021-11-03,31,25,28,0,14
2021-11-04,31,26,28,0,9
2021-11-05,31,27,28,0,9
2021-11-06,30,25,28,0,6
2021-11-07,33,25,29,0,6
2021-11-08,31,27,28,0,8
2021-11-09,31,27,29,0,10
2021-11-10,32,25,28,0,9
2021-11-11,31,26,28,0,10
2021-11-12,29,26,28,0,8
2021-11-13,31,25,27,0,8
2021-11-14,31,25,28,0,6
2021-11-15,32,26,28,0,8
2021-11-16,30,26,28,0,8
2021-11-17,32,26,29,0,9
2021-11-18,33,25,28,0,9
2021-11-19,32,25,28,0,6
2021-11-20,32,26,28,0,5
2021-11-21,32,26,28,0,5
2021-11-22,31,26,28,0,7
2021-11-23,31,26,28,0,6
2021-11-24,32,26,28,0,11
2021-11-25,29,26,28,0,10
2021-11-26,28,25,26,0,8
2021-11-27,29,25,26,0,3
2021-11-28,31,25,28,0,8
2021-11-29,32,24,27,0,7
2021-11-30,32,25,28,0,6
2021-12-01,31,25,27,0,6
2021-12-02,30,24,26,0,12
2021-12-03,29,23,26,0,12
2021-12-04,29,23,26,0,12
2021-12-05,29,23,25,0,15
2021-12-06,29,22,25,0,7
2021-12-07,29,24,26,0,8
2021-12-08,29,23,26,0,18
2021-12-09,29,23,26,0,12
2021-12-10,29,23,26,0,12
2021-12-11,29,23,26,0,10
2021-12-12,29,26,27,0,14
2021-12-13,28,25,26,0,14
2021-12-14,30,25,27,0,12
2021-12-15,29,23,26,0,8
2021-12-16,30,23,27,0,15
2021-12-17,29,26,28,0,19
2021-12-18,30,26,28,0,15
2021-12-19,29,25,27,0,8
2021-12-20,32,25,27,0,6
2021-12-21,30,25,27,0,6
2021-12-22,30,25,27,0,4
2021-12-23,31,25,27,0,8
2021-12-24,32,24,27,0,9
2021-12-25,30,24,27,0,10
2021-12-26,27,26,26,0,10
2021-12-27,26,25,25,0,19
2021-12-28,26,25,25,0,22
2021-12-29,28,24,26,0,15
2021-12-30,29,25,26,0,14
2021-12-31,29,24,26,0,17
2022-01-01,28,25,26,0,15
2022-01-02,27,24,25,0,12
2022-01-03,28,24,25,0,18
2022-01-04,27,24,26,0,13
2022-01-05,29,23,26,0,10
2022-01-06,30,24,26,0,9
2022-01-07,29,23,26,0,10
2022-01-08,30,23,26,0,7
2022-01-09,29,23,26,0,8
2022-01-10,30,24,26,0,7
2022-01-11,32,24,27,0,6
2022-01-12,29,24,26,0,5
2022-01-13,29,23,25,0,6
2022-01-14,27,23,25,0,9
2022-01-15,29,23,25,0,10
2022-01-16,30,23,26,0,14
2022-01-17,30,23,25,0,14
2022-01-18,29,22,25,0,7
2022-01-19,28,22,25,0,9
2022-01-20,29,25,27,0,10
2022-01-21,28,25,26,0,11
2022-01-22,29,24,26,0,9
2022-01-23,31,24,27,0,9
2022-01-24,33,24,27,0,8
2022-01-25,31,24,27,0,6
2022-01-26,27,25,26,0,15
2022-01-27,31,24,27,0,10
2022-01-28,32,25,28,0,6
2022-01-29,32,25,28,0,6
2022-01-30,31,25,28,0,6
2022-01-31,31,25,27,0,8
2022-02-01,29,25,27,0,10
2022-02-02,29,25,27,0,10
2022-02-03,28,25,26,0,9
2022-02-04,32,24,27,0,6
2022-02-05,29,25,27,0,16
2022-02-06,30,25,27,0,19
2022-02-07,31,25,27,0,13
2022-02-08,31,25,27,0,12
2022-02-09,33,25,28,0,10
2022-02-10,32,24,27,0,8
2022-02-11,31,25,27,0,11
2022-02-12,31,25,28,0,10
2022-02-13,30,25,27,0,13
2022-02-14,32,24,27,0,9
2022-02-15,31,24,27,0,10
2022-02-16,31,24,27,0,9
2022-02-17,30,25,27,0,10
2022-02-18,32,25,28,0,8
2022-02-19,32,25,28,0,9
2022-02-20,31,25,28,0,7
2022-02-21,30,25,27,0,8
2022-02-22,31,26,27,0,12
2022-02-23,32,25,28,0,13
2022-02-24,31,24,27,0,8
2022-02-25,31,25,27,0,12
2022-02-26,32,26,28,0,14
2022-02-27,32,25,28,0,12
2022-02-28,33,25,28,0,8
2022-03-01,31,25,28,0,14
2022-03-02,32,24,28,0,8
2022-03-03,32,25,28,0,8
2022-03-04,33,24,28,0,10
2022-03-05,34,23,28,0,8
2022-03-06,34,24,28,0,6
2022-03-07,32,24,28,0,8
2022-03-08,33,24,28,0,9
2022-03-09,30,24,26,0,10
2022-03-10,30,24,27,0,10
2022-03-11,31,26,28,0,7
2022-03-12,33,25,28,0,8
2022-03-13,33,26,28,0,8
2022-03-14,34,26,29,0,5
2022-03-15,33,25,28,0,8
2022-03-16,32,26,28,0,9
2022-03-17,33,26,29,0,7
2022-03-18,35,26,30,0,5
2022-03-19,34,26,29,0,1
2022-03-20,34,26,29,0,8
2022-03-21,33,26,29,0,10
2022-03-22,36,26,30,0,9
2022-03-23,36,26,30,0,6
2022-03-24,34,26,29,0,6
2022-03-25,35,26,30,0,11
2022-03-26,35,26,30,0,10
2022-03-27,35,26,30,0,7
2022-03-28,35,26,30,0,9
2022-03-29,34,27,30,0,9
2022-03-30,34,26,29,0,11
2022-03-31,34,26,30,0,8
2022-04-01,34,26,29,0,9
2022-04-02,34,27,29,0,12
2022-04-03,33,25,28,0,9
2022-04-04,34,26,29,0,10
2022-04-05,30,27,28,0,11
2022-04-06,32,27,29,0,15
2022-04-07,33,27,29,0,11
2022-04-08,31,26,28,0,8
2022-04-09,33,26,29,0,7
2022-04-10,32,26,29,0,7
2022-04-11,32,26,29,0,7
2022-04-12,31,25,28,0,5
2022-04-13,30,25,27,0,6
2022-04-14,32,26,29,0,6
2022-04-15,34,26,29,0,6
2022-04-16,32,26,29,0,7
2022-04-17,32,26,29,0,8
2022-04-18,33,26,29,0,10
2022-04-19,34,26,29,0,10
2022-04-20,32,26,29,0,9
2022-04-21,34,26,29,0,8
2022-04-22,34,27,30,0,6
2022-04-23,36,27,30,0,9
2022-04-24,36,26,30,0,7
2022-04-25,34,27,30,0,8
2022-04-26,35,27,30,0,10
2022-04-27,35,27,30,0,8
2022-04-28,33,28,30,0,7
2022-04-29,36,27,31,0,9
2022-04-30,35,27,30,0,8
2022-05-01,34,27,30,0,9
2022-05-02,36,27,31,0,6
2022-05-03,35,26,30,0,10
2022-05-04,35,27,30,0,8
2022-05-05,36,26,30,0,8
2022-05-06,36,27,30,0,6
2022-05-07,37,27,31,0,11
2022-05-08,36,27,30,0,8
2022-05-09,35,27,30,0,10
2022-05-10,34,27,30,0,10
2022-05-11,36,27,30,0,8
2022-05-12,36,27,31,0,9
2022-05-13,34,28,30,0,7
2022-05-14,33,28,30,0,2
2022-05-15,33,28,30,0,3
2022-05-16,32,27,29,0,4
2022-05-17,32,27,29,0,5
2022-05-18,31,26,28,0,5
2022-05-19,28,25,26,0,5
2022-05-20,28,26,26,0,9
2022-05-21,30,25,27,0,8
2022-05-22,32,26,28,0,1
2022-05-23,32,27,29,0,6
2022-05-24,31,27,29,0,6
2022-05-25,32,27,29,0,8
2022-05-26,32,27,29,0,6
2022-05-27,34,27,30,0,8
2022-05-28,31,27,28,0,8
2022-05-29,29,27,28,0,5
2022-05-30,32,27,28,0,7
2022-05-31,30,27,28,0,10
2022-06-01,30,26,28,0,5
2022-06-02,33,27,29,0,6
2022-06-03,33,28,30,0,6
2022-06-04,33,27,30,0,2
2022-06-05,32,27,29,0,3
2022-06-06,32,27,29,0,4
2022-06-07,32,27,29,0,4
2022-06-08,32,27,30,0,6
2022-06-09,34,28,30,0,5
2022-06-10,33,27,29,0,7
2022-06-11,34,27,30,0,7
2022-06-12,32,27,29,0,7
2022-06-13,33,27,29,0,5
2022-06-14,33,27,29,0,7
2022-06-15,32,27,29,0,4
2022-06-16,33,26,29,0,5
2022-06-17,34,27,30,0,8
2022-06-18,33,27,29,0,6
2022-06-19,33,27,30,0,4
2022-06-20,33,27,29,0,4
2022-06-21,33,27,29,0,8
2022-06-22,33,27,29,0,4
2022-06-23,32,26,29,0,4
2022-06-24,30,27,28,0,8
2022-06-25,31,27,29,0,6
2022-06-26,32,26,29,0,7
2022-06-27,29,24,27,0,14
2022-06-28,28,24,26,0,9
2022-06-29,28,25,26,0,11
2022-06-30,28,26,27,0,11
2022-07-01,27,25,26,0,13
2022-07-02,32,26,28,0,7
2022-07-03,31,27,28,0,3
2022-07-04,32,27,29,0,3
2022-07-05,31,26,28,0,6
2022-07-06,29,25,27,0,12
2022-07-07,30,26,27,0,9
2022-07-08,29,26,27,0,3
2022-07-09,30,25,27,0,3
2022-07-10,32,26,28,0,6
2022-07-11,32,26,28,0,7
2022-07-12,31,27,28,0,9
2022-07-13,30,26,28,0,8
2022-07-14,30,26,27,0,4
2022-07-15,31,27,29,0,3
2022-07-16,31,27,28,0,4
2022-07-17,32,27,29,0,6
2022-07-18,30,26,28,0,3
2022-07-19,31,26,28,0,3
2022-07-20,32,26,28,0,9
2022-07-21,32,27,29,0,6
2022-07-22,33,27,29,0,6
2022-07-23,33,27,29,0,8
2022-07-24,33,27,29,0,5
2022-07-25,32,27,29,0,7
2022-07-26,32,26,29,0,9
2022-07-27,31,27,29,0,1
2022-07-28,30,25,28,0,4
2022-07-29,31,26,28,0,3
2022-07-30,30,26,28,0,9
2022-07-31,29,26,27,0,13
2022-08-01,30,26,27,0,10
2022-08-02,27,25,26,0,3
2022-08-03,31,25,28,0,5
2022-08-04,29,26,27,0,6
2022-08-05,28,25,26,0,5
2022-08-06,27,24,25,0,8
2022-08-07,27,24,25,0,7
2022-08-08,27,24,25,0,10
2022-08-09,29,25,27,0,6
2022-08-10,31,26,28,0,2
2022-08-11,31,26,28,0,4
2022-08-12,31,26,28,0,4
2022-08-13,31,25,27,0,8
2022-08-14,29,25,27,0,12
2022-08-15,29,26,27,0,11
2022-08-16,28,25,27,0,6
2022-08-17,30,26,27,0,10
2022-08-18,27,25,26,0,13
2022-08-19,28,25,26,0,5
2022-08-20,31,25,28,0,5
2022-08-21,31,25,27,0,2
2022-08-22,29,25,27,0,6
2022-08-23,28,26,26,0,10
2022-08-24,27,26,26,0,18
2022-08-25,33,26,28,0,3
2022-08-26,32,25,28,0,6
2022-08-27,31,26,28,0,5
2022-08-28,32,26,28,0,9
2022-08-29,32,26,29,0,7
2022-08-30,32,27,29,0,9
2022-08-31,31,26,28,0,5
2022-09-01,31,26,28,0,8
2022-09-02,29,26,27,0,15
2022-09-03,29,26,27,0,17
2022-09-04,30,26,28,0,9
2022-09-05,30,26,28,0,8
2022-09-06,32,27,28,0,5
2022-09-07,31,26,28,0,5
2022-09-08,33,26,29,0,5
2022-09-09,32,26,28,0,7
2022-09-10,30,26,28,0,5
2022-09-11,28,26,27,0,11
2022-09-12,31,26,28,0,11
2022-09-13,30,25,28,0,7
2022-09-14,30,25,28,0,5
2022-09-15,30,26,28,0,10
2022-09-16,30,25,27,0,10
2022-09-17,29,26,27,0,9
2022-09-18,30,26,27,0,12
2022-09-19,26,25,26,0,14
2022-09-20,26,24,25,0,5
2022-09-21,29,24,26,0,1
2022-09-22,30,24,26,0,5
2022-09-23,30,25,27,0,5
2022-09-24,31,26,28,0,4
2022-09-25,29,25,27,0,7
2022-09-26,30,25,27,0,23
2022-09-27,31,25,27,0,8
2022-09-28,28,25,26,0,3
2022-09-29,29,25,27,0,6
2022-09-30,30,25,27,0,1
2022-10-01,32,25,28,0,7
2022-10-02,29,25,27,0,8
2022-10-03,30,26,27,0,5
2022-10-04,30,26,27,0,6
2022-10-05,33,26,28,0,6
2022-10-06,33,26,29,0,9
2022-10-07,33,26,29,0,9
2022-10-08,33,26,29,0,9
2022-10-09,32,25,28,0,8
2022-10-10,32,25,28,0,8
2022-10-11,31,25,28,0,2
2022-10-12,30,26,28,0,1
2022-10-13,31,26,28,0,5
2022-10-14,32,25,28,0,6
2022-10-15,30,25,27,0,6
2022-10-16,30,26,28,0,8
2022-10-17,29,27,27,0,17
2022-10-18,30,26,28,0,14
2022-10-19,29,25,27,0,5
2022-10-20,27,24,25,0,6
2022-10-21,29,25,27,0,4
2022-10-22,31,25,28,0,4
2022-10-23,31,25,28,0,6
2022-10-24,31,25,28,0,6
2022-10-25,30,26,27,0,9
2022-10-26,31,25,27,0,11
2022-10-27,32,24,28,0,8
2022-10-28,30,25,27,0,6
2022-10-29,28,25,26,0,14
2022-10-30,27,25,26,0,39
2022-10-31,28,26,27,0,25
2022-11-01,27,26,26,0,17
2022-11-02,30,25,27,0,6
2022-11-03,30,25,27,0,4
2022-11-04,30,25,27,0,9
2022-11-05,31,25,27,0,6
2022-11-06,31,25,27,0,9
2022-11-07,30,25,27,0,7
2022-11-08,30,25,27,0,8
2022-11-09,32,25,28,0,6
2022-11-10,32,25,28,0,8
2022-11-11,30,26,28,0,9
2022-11-12,31,25,28,0,6
2022-11-13,31,26,28,0,6
2022-11-14,32,26,28,0,9
2022-11-15,31,26,28,0,9
2022-11-16,31,26,28,0,8
2022-11-17,30,25,27,0,8
2022-11-18,28,26,26,0,9
2022-11-19,31,25,27,0,8
2022-11-20,28,25,26,0,8
2022-11-21,28,25,26,0,7
2022-11-22,32,25,28,0,6
2022-11-23,32,25,28,0,8
2022-11-24,31,26,28,0,8
2022-11-25,33,25,28,0,9
2022-11-26,32,25,28,0,5
2022-11-27,33,25,28,0,8
2022-11-28,32,24,27,0,9
2022-11-29,31,25,28,0,8
2022-11-30,33,25,28,0,8
2022-12-01,30,27,28,0,10
2022-12-02,31,27,28,0,14
2022-12-03,31,26,28,0,9
2022-12-04,32,26,28,0,10
2022-12-05,30,26,28,0,9
2022-12-06,31,25,28,0,8
2022-12-07,31,25,28,0,7
2022-12-08,33,25,28,0,10
2022-12-09,30,26,28,0,7
2022-12-10,31,25,27,0,8
2022-12-11,30,25,27,0,5
2022-12-12,30,25,27,0,7
2022-12-13,30,25,27,0,10
2022-12-14,31,25,28,0,8
2022-12-15,31,26,28,0,12
2022-12-16,32,25,28,0,8
2022-12-17,32,25,28,0,8
2022-12-18,28,25,26,0,9
2022-12-19,26,24,25,0,18
2022-12-20,28,25,26,0,17
2022-12-21,30,24,27,0,7
2022-12-22,30,24,27,0,9
2022-12-23,27,24,25,0,12
2022-12-24,27,23,24,0,14
2022-12-25,26,23,24,0,15
2022-12-26,26,23,24,0,14
2022-12-27,27,23,25,0,9
2022-12-28,26,24,25,0,11
2022-12-29,29,22,25,0,8
2022-12-30,31,22,25,0,7
2022-12-31,31,23,27,0,8
2023-01-01,31,25,27,0,9
2023-01-02,30,25,27,0,7
2023-01-03,30,26,27,0,9
2023-01-04,27,25,26,0,19
2023-01-05,29,25,27,0,13
2023-01-06,30,25,27,0,10
2023-01-07,28,25,26,0,13
2023-01-08,29,25,26,0,14
2023-01-09,29,24,26,0,12
2023-01-10,28,23,25,0,8
2023-01-11,29,23,26,0,10
2023-01-12,28,24,25,0,12
2023-01-13,27,23,25,0,10
2023-01-14,29,23,26,0,6
2023-01-15,26,23,24,0,4
2023-01-16,28,23,25,0,5
2023-01-17,28,24,26,0,9
2023-01-18,28,25,26,0,11
2023-01-19,27,25,26,0,9
2023-01-20,27,25,26,0,14
2023-01-21,27,25,25,0,15
2023-01-22,29,25,26,0,10
2023-01-23,30,24,27,0,8
2023-01-24,29,24,26,0,10
2023-01-25,26,24,24,0,25
2023-01-26,28,23,25,0,14
2023-01-27,26,24,24,0,7
2023-01-28,25,24,24,0,9
2023-01-29,27,23,25,0,17
2023-01-30,27,22,25,0,12
2023-01-31,27,25,26,0,15
2023-02-01,31,24,27,0,13
2023-02-02,31,25,27,0,9
2023-02-03,32,25,27,0,10
2023-02-04,30,24,27,0,11
2023-02-05,31,23,26,0,9
2023-02-06,30,24,27,0,7
2023-02-07,31,24,27,0,9
2023-02-08,30,25,27,0,8
2023-02-09,31,24,27,0,14
2023-02-10,31,23,27,0,7
2023-02-11,31,24,27,0,7
2023-02-12,32,24,27,0,11
2023-02-13,31,23,27,0,11
2023-02-14,32,22,26,0,9
2023-02-15,31,24,27,0,9
2023-02-16,28,25,26,0,18
2023-02-17,29,24,26,0,19
2023-02-18,28,24,26,0,11
2023-02-19,26,24,25,0,9
2023-02-20,30,24,26,0,9
2023-02-21,30,25,27,0,11
2023-02-22,32,23,27,0,8
2023-02-23,31,25,28,0,7
2023-02-24,32,25,28,0,5
2023-02-25,32,25,28,0,6
2023-02-26,28,25,26,0,18
2023-02-27,27,25,26,0,19
2023-02-28,30,24,26,0,18
2023-03-01,27,24,26,0,8
2023-03-02,29,24,26,0,13
2023-03-03,30,23,26,0,15
2023-03-04,31,23,26,0,6
2023-03-05,31,23,26,0,8
2023-03-06,33,22,26,0,17
2023-03-07,32,22,26,0,10
2023-03-08,31,22,26,0,6
2023-03-09,31,23,26,0,7
2023-03-10,30,23,26,0,6
2023-03-11,33,23,26,0,11
2023-03-12,31,22,26,0,6
2023-03-13,32,23,26,0,6
2023-03-14,33,22,26,0,11
2023-03-15,34,23,27,0,8
2023-03-16,32,24,27,0,8
2023-03-17,35,24,28,0,7
2023-03-18,33,23,27,0,8
2023-03-19,35,23,27,0,10
2023-03-20,35,23,27,0,10
2023-03-21,35,23,28,0,8
2023-03-22,37,23,29,0,9
2023-03-23,37,24,29,0,9
2023-03-24,35,24,29,0,7
2023-03-25,36,26,29,0,7
2023-03-26,36,25,30,0,8
2023-03-27,35,25,29,0,7
2023-03-28,34,25,29,0,8
2023-03-29,35,25,29,0,10
2023-03-30,35,25,29,0,8
2023-03-31,35,25,29,0,8
2023-04-01,35,25,29,0,9
2023-04-02,34,26,29,0,6
2023-04-03,33,25,29,0,10
2023-04-04,31,26,28,0,8
2023-04-05,33,25,28,0,10
2023-04-06,35,24,29,0,9
2023-04-07,35,25,29,0,9
2023-04-08,34,26,29,0,7
2023-04-09,33,26,29,0,10
2023-04-10,34,25,29,0,8
2023-04-11,33,26,28,0,7
2023-04-12,29,26,27,0,7
2023-04-13,29,24,26,0,4
2023-04-14,30,26,28,0,5
2023-04-15,32,26,28,0,5
2023-04-16,32,26,29,0,3
2023-04-17,32,27,29,0,5
2023-04-18,33,26,29,0,8
2023-04-19,34,27,30,0,9
2023-04-20,35,27,30,0,9
2023-04-21,35,27,30,0,4
2023-04-22,34,27,30,0,2
2023-04-23,35,27,30,0,9
2023-04-24,33,27,29,0,6
2023-04-25,34,26,29,0,8
2023-04-26,33,26,29,0,8
2023-04-27,34,26,30,0,10
2023-04-28,34,26,30,0,11
2023-04-29,35,27,30,0,8
2023-04-30,35,27,30,0,6
2023-05-01,35,27,31,0,6
2023-05-02,35,27,30,0,11
2023-05-03,34,27,30,0,10
2023-05-04,34,28,30,0,13
2023-05-05,35,27,30,0,12
2023-05-06,35,27,31,0,8
2023-05-07,36,27,31,0,9
2023-05-08,34,28,30,0,7
2023-05-09,34,28,30,0,3
2023-05-10,32,27,29,0,8
2023-05-11,31,27,28,0,5
2023-05-12,33,27,29,0,9
2023-05-13,33,27,30,0,8
2023-05-14,33,27,30,0,6
2023-05-15,33,27,30,0,5
2023-05-16,33,28,30,0,6
2023-05-17,33,28,30,0,5
2023-05-18,32,27,30,0,4
2023-05-19,32,27,29,0,1
2023-05-20,33,27,29,0,7
2023-05-21,33,27,30,0,4
2023-05-22,32,28,30,0,6
2023-05-23,32,28,30,0,6
2023-05-24,33,27,29,0,11
2023-05-25,33,27,29,0,3
2023-05-26,33,26,29,0,4
2023-05-27,33,26,29,0,6
2023-05-28,33,26,29,0,2
2023-05-29,34,28,30,0,12
2023-05-30,32,28,30,0,16
2023-05-31,32,28,30,0,21
2023-06-01,32,28,29,0,17
2023-06-02,31,27,29,0,16
2023-06-03,31,27,29,0,15
2023-06-04,31,26,28,0,7
2023-06-05,32,26,28,0,10
2023-06-06,32,27,29,0,5
2023-06-07,32,27,29,0,4
2023-06-08,32,27,29,0,5
2023-06-09,32,27,29,0,4
2023-06-10,30,27,28,0,10
2023-06-11,29,26,27,0,15
2023-06-12,31,27,29,0,15
2023-06-13,32,27,29,0,18
2023-06-14,31,27,29,0,13
2023-06-15,32,27,29,0,9
2023-06-16,33,26,29,0,4
2023-06-17,33,26,29,0,8
2023-06-18,34,26,29,0,10
2023-06-19,33,26,29,0,4
2023-06-20,32,27,29,0,2
2023-06-21,33,27,29,0,5
2023-06-22,33,27,29,0,5
2023-06-23,34,26,30,0,4
2023-06-24,33,27,29,0,5
2023-06-25,29,26,27,0,7
2023-06-26,31,26,29,0,8
2023-06-27,31,26,28,0,6
2023-06-28,31,27,28,0,3
2023-06-29,30,25,27,0,13
2023-06-30,31,26,28,0,4
2023-07-01,34,26,29,0,1
2023-07-02,32,26,29,0,4
2023-07-03,34,27,30,0,7
2023-07-04,34,27,30,0,8
2023-07-05,34,27,30,0,6
2023-07-06,34,27,30,0,9
2023-07-07,33,27,30,0,7
2023-07-08,34,27,30,0,7
2023-07-09,34,27,30,0,6
2023-07-10,34,27,30,0,3
2023-07-11,34,27,30,0,6
2023-07-12,31,26,28,0,6
2023-07-13,29,25,27,0,2
2023-07-14,28,26,27,0,11
2023-07-15,29,26,27,0,22
2023-07-16,30,27,27,0,22
2023-07-17,31,26,28,0,19
2023-07-18,31,26,28,0,9
2023-07-19,32,26,28,0,3
2023-07-20,33,26,29,0,3
2023-07-21,32,26,28,0,6
2023-07-22,32,26,29,0,5
2023-07-23,30,26,28,0,8
2023-07-24,30,25,27,0,10
2023-07-25,30,26,28,0,13
2023-07-26,29,27,28,0,27
2023-07-27,29,27,28,0,29
2023-07-28,30,27,28,0,28
2023-07-29,29,26,27,0,15
2023-07-30,28,26,27,0,20
2023-07-31,30,26,28,0,10
2023-08-01,30,27,28,0,17
2023-08-02,30,27,28,0,18
2023-08-03,30,26,28,0,17
2023-08-04,30,27,28,0,21
2023-08-05,30,27,28,0,18
2023-08-06,31,27,29,0,17
2023-08-07,31,27,29,0,18
2023-08-08,31,27,29,0,15
2023-08-09,31,27,29,0,10
2023-08-10,32,27,29,0,8
2023-08-11,31,27,29,0,9
2023-08-12,31,27,29,0,10
2023-08-13,31,27,29,0,11
2023-08-14,31,27,29,0,9
2023-08-15,31,27,29,0,8
2023-08-16,31,27,29,0,6
2023-08-17,31,27,29,0,8
2023-08-18,31,27,29,0,10
2023-08-19,31,27,29,0,6
2023-08-20,31,27,29,0,6
2023-08-21,32,27,29,0,7
2023-08-22,31,25,28,0,6
2023-08-23,31,26,28,0,7
2023-08-24,30,26,28,0,7
2023-08-25,31,26,28,0,4
2023-08-26,30,27,28,0,14
2023-08-27,29,27,28,0,22
2023-08-28,30,26,28,0,17
2023-08-29,30,26,28,0,21
2023-08-30,27,26,27,0,23
2023-08-31,29,26,28,0,24
2023-09-01,29,27,27,0,23
2023-09-02,28,27,27,0,23
2023-09-03,28,27,27,0,28
2023-09-04,28,26,27,0,24
2023-09-05,29,27,28,0,18
2023-09-06,31,26,28,0,5
2023-09-07,30,26,28,0,7
2023-09-08,32,26,28,0,3
2023-09-09,31,26,28,0,3
2023-09-10,31,26,28,0,5
2023-09-11,31,26,28,0,3
2023-09-12,29,26,27,0,8
2023-09-13,31,26,28,0,7
2023-09-14,30,25,27,0,4
2023-09-15,30,26,28,0,5
2023-09-16,31,26,28,0,4
2023-09-17,31,26,28,0,4
2023-09-18,32,26,28,0,9
2023-09-19,31,26,28,0,5
2023-09-20,32,26,29,0,6
2023-09-21,32,27,29,0,5
2023-09-22,31,26,28,0,4
2023-09-23,28,26,27,0,2
2023-09-24,29,25,26,0,1
2023-09-25,30,26,27,0,4
2023-09-26,31,26,28,0,4
2023-09-27,30,25,28,0,2
2023-09-28,31,26,28,0,3
2023-09-29,31,26,28,0,7
2023-09-30,30,26,28,0,3
2023-10-01,30,27,28,0,2
2023-10-02,31,27,28,0,5
2023-10-03,29,27,28,0,12
2023-10-04,29,26,28,0,12
2023-10-05,29,26,27,0,11
2023-10-06,30,25,27,0,2
2023-10-07,31,25,28,0,3
2023-10-08,31,26,28,0,1
2023-10-09,31,25,28,0,6
2023-10-10,32,26,28,0,6
2023-10-11,30,26,27,0,5
2023-10-12,29,26,27,0,6
2023-10-13,31,25,28,0,6
2023-10-14,30,25,28,0,7
2023-10-15,30,25,27,0,8
2023-10-16,30,25,27,0,6
2023-10-17,31,25,27,0,9
2023-10-18,31,26,28,0,9
2023-10-19,30,25,28,0,9
2023-10-20,30,26,27,0,5
2023-10-21,27,25,25,0,9
2023-10-22,29,25,26,0,9
2023-10-23,29,25,26,0,8
2023-10-24,30,25,27,0,6
2023-10-25,31,26,28,0,7
2023-10-26,31,25,28,0,6
2023-10-27,31,25,28,0,7
2023-10-28,30,25,27,0,8
2023-10-29,32,25,28,0,6
2023-10-30,31,25,28,0,8
2023-10-31,31,26,28,0,10
2023-11-01,27,24,25,0,9
2023-11-02,29,24,26,0,12
2023-11-03,31,25,27,0,10
2023-11-04,31,25,28,0,6
2023-11-05,31,25,28,0,9
2023-11-06,32,26,28,0,6
2023-11-07,31,26,28,0,8
2023-11-08,31,26,28,0,9
2023-11-09,32,26,28,0,8
2023-11-10,33,25,28,0,7
2023-11-11,31,25,28,0,8
2023-11-12,32,26,28,0,8
2023-11-13,31,25,28,0,10
2023-11-14,31,27,28,0,16
2023-11-15,29,27,28,0,18
2023-11-16,31,26,28,0,17
2023-11-17,31,26,28,0,7
2023-11-18,29,24,27,0,8
2023-11-19,30,26,27,0,23
2023-11-20,31,24,27,0,6
2023-11-21,30,25,27,0,11
2023-11-22,29,25,27,0,5
2023-11-23,31,25,28,0,6
2023-11-24,31,26,28,0,9
2023-11-25,28,26,27,0,17
2023-11-26,30,25,27,0,10
2023-11-27,32,25,28,0,7
2023-11-28,32,26,28,0,8
2023-11-29,31,27,28,0,12
2023-11-30,31,26,28,0,10
2023-12-01,31,27,28,0,13
2023-12-02,30,26,28,0,13
2023-12-03,30,25,28,0,15
2023-12-04,32,26,28,0,10
2023-12-05,31,25,28,0,8
2023-12-06,31,25,28,0,8
2023-12-07,30,25,28,0,7
2023-12-08,31,25,27,0,11
2023-12-09,31,25,28,0,11
2023-12-10,32,25,28,0,9
2023-12-11,32,25,28,0,7
2023-12-12,32,26,28,0,7
2023-12-13,31,27,28,0,13
2023-12-14,31,26,28,0,14
2023-12-15,31,26,28,0,10
2023-12-16,32,25,28,0,9
2023-12-17,28,26,27,0,16
2023-12-18,29,26,27,0,24
2023-12-19,32,27,29,0,16
2023-12-20,30,26,28,0,8
2023-12-21,31,25,28,0,8
2023-12-22,28,26,27,0,12
2023-12-23,27,24,26,0,18
2023-12-24,31,24,27,0,12
2023-12-25,30,26,28,0,12
2023-12-26,30,26,27,0,17
2023-12-27,30,25,27,0,12
2023-12-28,31,25,28,0,8
2023-12-29,31,25,27,0,9
2023-12-30,32,25,28,0,8
2023-12-31,31,25,28,0,7
